Time [sec],Acceleration [g]
0,-0.00201
0.01,-0.00191
0.02,-0.00181
0.03,-0.00171
0.04,-0.00161
0.05,-0.00161
0.06,-0.00151
0.07,-0.00151
0.08,-0.00151
0.09,-0.00151
0.1,-0.00151
0.11,-0.00151
0.12,-0.00141
0.13,-0.00141
0.14,-0.00141
0.15,-0.00131
0.16,-0.00111
0.17,-0.00101
0.18,-0.00081
0.19,-0.00081
0.2,-0.00071
0.21,-0.00071
0.22,-0.00071
0.23,-0.00091
0.24,-0.00111
0.25,-0.00121
0.26,-0.00131
0.27,-0.00141
0.28,-0.00131
0.29,-0.00121
0.3,-0.00091
0.31,-0.00041
0.32,0.00009
0.33,0.00029
0.34,0.00049
0.35,0.00049
0.36,0.00029
0.37,-0.00001
0.38,-0.00051
0.39,-0.00091
0.4,-0.00141
0.41,-0.00191
0.42,-0.00241
0.43,-0.00301
0.44,-0.00341
0.45,-0.00331
0.46,-0.00211
0.47,-0.00011
0.48,0.00179
0.49,0.00319
0.5,0.00439
0.51,0.00499
0.52,0.00469
0.53,0.00379
0.54,0.00209
0.55,-0.00031
0.56,-0.00201
0.57,-0.00251
0.58,-0.00251
0.59,-0.00221
0.6,-0.00181
0.61,-0.00161
0.62,-0.00121
0.63,-0.00011
0.64,0.00189
0.65,0.00349
0.66,0.00399
0.67,0.00339
0.68,0.00249
0.69,0.00129
0.7,-0.00041
0.71,-0.00231
0.72,-0.00361
0.73,-0.00391
0.74,-0.00271
0.75,0.00129
0.76,0.00639
0.77,0.00809
0.78,0.00729
0.79,0.00639
0.8,0.00569
0.81,0.00409
0.82,0.00099
0.83,-0.00161
0.84,-0.00221
0.85,-0.00141
0.86,-0.00071
0.87,-0.00101
0.88,-0.00221
0.89,-0.00301
0.9,-0.00191
0.91,0.00169
0.92,0.00599
0.93,0.00649
0.94,0.00109
0.95,-0.00671
0.96,-0.01011
0.97,-0.01101
0.98,-0.01261
0.99,-0.01411
1,-0.01451
1.01,-0.01031
1.02,0.00209
1.03,0.01579
1.04,0.02619
1.05,0.02959
1.06,0.02759
1.07,0.02349
1.08,0.01909
1.09,0.01099
1.1,-0.00091
1.11,-0.00701
1.12,-0.00841
1.13,-0.00891
1.14,-0.00811
1.15,-0.00641
1.16,-0.00451
1.17,-0.00211
1.18,-0.00051
1.19,-0.00121
1.2,-0.00361
1.21,-0.00551
1.22,-0.00431
1.23,0.00079
1.24,0.01059
1.25,0.02169
1.26,0.02269
1.27,0.00749
1.28,-0.00801
1.29,-0.00931
1.3,-0.00821
1.31,-0.00991
1.32,-0.01041
1.33,-0.00811
1.34,-0.00371
1.35,0.00089
1.36,0.00149
1.37,-0.00581
1.38,-0.01881
1.39,-0.02501
1.4,-0.02461
1.41,-0.02171
1.42,-0.01661
1.43,-0.01111
1.44,-0.00451
1.45,0.00979
1.46,0.02329
1.47,0.02699
1.48,0.02909
1.49,0.03079
1.5,0.02679
1.51,0.01689
1.52,0.00909
1.53,0.00699
1.54,0.00549
1.55,0.00209
1.56,-0.00021
1.57,0.00159
1.58,0.00709
1.59,0.01429
1.6,0.02189
1.61,0.02849
1.62,0.02829
1.63,0.01509
1.64,0.00419
1.65,0.00199
1.66,-0.00231
1.67,-0.00871
1.68,-0.01321
1.69,-0.01861
1.7,-0.02441
1.71,-0.02731
1.72,-0.02531
1.73,-0.01181
1.74,0.01409
1.75,0.03729
1.76,0.04979
1.77,0.04759
1.78,0.02329
1.79,-0.00471
1.8,-0.01271
1.81,-0.01011
1.82,-0.01581
1.83,-0.02841
1.84,-0.03261
1.85,-0.02871
1.86,-0.02171
1.87,-0.00181
1.88,0.02279
1.89,0.02149
1.9,0.00029
1.91,-0.01421
1.92,-0.01711
1.93,-0.02141
1.94,-0.02441
1.95,-0.02241
1.96,-0.01721
1.97,-0.00931
1.98,-0.00101
1.99,0.00689
2,0.01759
2.01,0.02719
2.02,0.03119
2.03,0.03359
2.04,0.03649
2.05,0.03669
2.06,0.03159
2.07,0.02089
2.08,0.00509
2.09,-0.00541
2.1,-0.00871
2.11,-0.00921
2.12,-0.00761
2.13,-0.00691
2.14,-0.00681
2.15,-0.00551
2.16,-0.00691
2.17,-0.00961
2.18,-0.00661
2.19,0.00289
2.2,0.00739
2.21,0.00139
2.22,-0.00791
2.23,-0.01531
2.24,-0.02171
2.25,-0.02531
2.26,-0.01951
2.27,0.00609
2.28,0.02579
2.29,0.02489
2.3,0.02159
2.31,0.01739
2.32,0.00369
2.33,-0.01811
2.34,-0.02581
2.35,-0.02641
2.36,-0.03151
2.37,-0.03881
2.38,-0.04441
2.39,-0.04511
2.4,-0.03221
2.41,-0.00471
2.42,0.02229
2.43,0.03639
2.44,0.03489
2.45,0.02589
2.46,0.02149
2.47,0.03039
2.48,0.05059
2.49,0.05509
2.5,0.02689
2.51,-0.00861
2.52,-0.02201
2.53,-0.01591
2.54,-0.00551
2.55,0.00529
2.56,0.00989
2.57,0.00409
2.58,0.00099
2.59,0.00869
2.6,0.01619
2.61,0.01839
2.62,0.02169
2.63,0.02089
2.64,0.00659
2.65,-0.00351
2.66,-0.00391
2.67,-0.00521
2.68,-0.00781
2.69,-0.01151
2.7,-0.01931
2.71,-0.02441
2.72,-0.01901
2.73,-0.00421
2.74,0.01029
2.75,0.01379
2.76,0.00749
2.77,0.00409
2.78,0.01229
2.79,0.02279
2.8,0.02459
2.81,0.01999
2.82,0.00659
2.83,-0.01091
2.84,-0.01501
2.85,-0.01281
2.86,-0.01331
2.87,-0.01771
2.88,-0.02381
2.89,-0.02841
2.9,-0.03021
2.91,-0.02891
2.92,-0.02441
2.93,-0.0188
2.94,-0.0112
2.95,0.0069
2.96,0.027
2.97,0.0335
2.98,0.0359
2.99,0.0331
3,0.0251
3.01,0.0248
3.02,0.0286
3.03,0.0233
3.04,0.0155
3.05,0.0214
3.06,0.0307
3.07,0.0299
3.08,0.0255
3.09,0.0205
3.1,0.0059
3.11,-0.0227
3.12,-0.0514
3.13,-0.0677
3.14,-0.0578
3.15,-0.0326
3.16,-0.0175
3.17,-0.0175
3.18,-0.0195
3.19,-0.0209
3.2,-0.0202
3.21,-0.0131
3.22,-0.0052
3.23,-0.0073
3.24,-0.0219
3.25,-0.0433
3.26,-0.0632
3.27,-0.0755
3.28,-0.0797
3.29,-0.078
3.3,-0.0721
3.31,-0.0653
3.32,-0.0599
3.33,-0.0582
3.34,-0.0609
3.35,-0.0652
3.36,-0.0682
3.37,-0.0661
3.38,-0.0581
3.39,-0.0489
3.4,-0.051
3.41,-0.0697
3.42,-0.0881
3.43,-0.0942
3.44,-0.0991
3.45,-0.1046
3.46,-0.1074
3.47,-0.1093
3.48,-0.1142
3.49,-0.1206
3.5,-0.1228
3.51,-0.1113
3.52,-0.0855
3.53,-0.0588
3.54,-0.0329
3.55,-0.0119
3.56,0.0014
3.57,0.0277
3.58,0.0618
3.59,0.0926
3.6,0.121
3.61,0.1343
3.62,0.1313
3.63,0.1202
3.64,0.1009
3.65,0.0805
3.66,0.0677
3.67,0.0599
3.68,0.0453
3.69,0.0328
3.7,0.0449
3.71,0.0698
3.72,0.0916
3.73,0.1107
3.74,0.1184
3.75,0.1126
3.76,0.0983
3.77,0.0829
3.78,0.0655
3.79,0.0464
3.8,0.0347
3.81,0.0287
3.82,0.0237
3.83,0.0199
3.84,0.0164
3.85,0.011
3.86,0.0025
3.87,-0.0052
3.88,-0.0087
3.89,-0.009
3.9,-0.0079
3.91,-0.0089
3.92,-0.0149
3.93,-0.0297
3.94,-0.0539
3.95,-0.0776
3.96,-0.0905
3.97,-0.0901
3.98,-0.0574
3.99,0.0174
4,0.0939
4.01,0.1673
4.02,0.2469
4.03,0.3234
4.04,0.3513
4.05,0.3175
4.06,0.2813
4.07,0.2485
4.08,0.2066
4.09,0.1634
4.1,0.1231
4.11,0.0824
4.12,0.0409
4.13,-0.0002
4.14,-0.0411
4.15,-0.0822
4.16,-0.119
4.17,-0.1386
4.18,-0.1468
4.19,-0.154
4.2,-0.1589
4.21,-0.1653
4.22,-0.1816
4.23,-0.2098
4.24,-0.2392
4.25,-0.2604
4.26,-0.2639
4.27,-0.2468
4.28,-0.2028
4.29,-0.1519
4.3,-0.1026
4.31,-0.0506
4.32,0.0026
4.33,0.054
4.34,0.0913
4.35,0.1056
4.36,0.1264
4.37,0.1512
4.38,0.1458
4.39,0.1014
4.4,0.0467
4.41,0.0003
4.42,-0.0218
4.43,-0.0236
4.44,-0.0268
4.45,-0.033
4.46,-0.0419
4.47,-0.0551
4.48,-0.0673
4.49,-0.0727
4.5,-0.0695
4.51,-0.0559
4.52,-0.0278
4.53,0.0052
4.54,0.0373
4.55,0.0693
4.56,0.0974
4.57,0.1258
4.58,0.1556
4.59,0.1851
4.6,0.2143
4.61,0.2473
4.62,0.2718
4.63,0.265
4.64,0.2026
4.65,0.1105
4.66,0.0235
4.67,-0.0542
4.68,-0.08
4.69,-0.0644
4.7,-0.0367
4.71,-0.0346
4.72,-0.0639
4.73,-0.1005
4.74,-0.1196
4.75,-0.1228
4.76,-0.1245
4.77,-0.1236
4.78,-0.1194
4.79,-0.114
4.8,-0.1077
4.81,-0.0996
4.82,-0.0825
4.83,-0.051
4.84,-0.0275
4.85,-0.0149
4.86,0.0034
4.87,0.0196
4.88,0.0191
4.89,0.006
4.9,-0.001
4.91,0.0027
4.92,0.0095
4.93,0.0204
4.94,0.0462
4.95,0.072
4.96,0.0722
4.97,0.0466
4.98,0.0064
4.99,-0.0343
5,-0.0752
5.01,-0.1024
5.02,-0.1051
5.03,-0.0979
5.04,-0.0841
5.05,-0.0638
5.06,-0.0286
5.07,0.0149
5.08,0.0567
5.09,0.0984
5.1,0.1329
5.11,0.145
5.12,0.149
5.13,0.1555
5.14,0.1583
5.15,0.1447
5.16,0.101
5.17,0.0499
5.18,0.0016
5.19,-0.0495
5.2,-0.0932
5.21,-0.1162
5.22,-0.137
5.23,-0.1544
5.24,-0.1616
5.25,-0.166
5.26,-0.1728
5.27,-0.1838
5.28,-0.2042
5.29,-0.2244
5.3,-0.2214
5.31,-0.1774
5.32,-0.1095
5.33,-0.0442
5.34,0.0232
5.35,0.0939
5.36,0.1426
5.37,0.1537
5.38,0.1614
5.39,0.1766
5.4,0.1989
5.41,0.2278
5.42,0.2556
5.43,0.2628
5.44,0.21
5.45,0.1263
5.46,0.0495
5.47,-0.0262
5.48,-0.0624
5.49,-0.0344
5.5,0.0077
5.51,0.0211
5.52,0.0178
5.53,0.02
5.54,0.0237
5.55,0.0241
5.56,0.0196
5.57,0.0079
5.58,-0.0119
5.59,-0.0384
5.6,-0.0607
5.61,-0.0662
5.62,-0.057
5.63,-0.0252
5.64,0.0155
5.65,0.0483
5.66,0.0624
5.67,0.0691
5.68,0.0761
5.69,0.0828
5.7,0.0897
5.71,0.0914
5.72,0.069
5.73,0.0221
5.74,-0.0222
5.75,-0.0468
5.76,-0.0539
5.77,-0.0631
5.78,-0.0729
5.79,-0.0816
5.8,-0.096
5.81,-0.1215
5.82,-0.1497
5.83,-0.1746
5.84,-0.1899
5.85,-0.1936
5.86,-0.1884
5.87,-0.1683
5.88,-0.1377
5.89,-0.1087
5.9,-0.0851
5.91,-0.0697
5.92,-0.0525
5.93,-0.0313
5.94,-0.0128
5.95,0.0023
5.96,0.0162
5.97,0.0291
5.98,0.0483
5.99,0.0737
6,0.0937
6.01,0.1059
6.02,0.1187
6.03,0.137
6.04,0.1609
6.05,0.1837
6.06,0.1963
6.07,0.1969
6.08,0.1798
6.09,0.1421
6.1,0.1026
6.11,0.0639
6.12,0.0228
6.13,-0.0124
6.14,-0.0242
6.15,-0.0244
6.16,-0.0249
6.17,-0.0243
6.18,-0.0245
6.19,-0.0258
6.2,-0.0255
6.21,-0.0207
6.22,-0.0047
6.23,0.0279
6.24,0.0524
6.25,0.058
6.26,0.0601
6.27,0.0504
6.28,0.0155
6.29,-0.0251
6.3,-0.0628
6.31,-0.103
6.32,-0.1435
6.33,-0.1684
6.34,-0.171
6.35,-0.1694
6.36,-0.1649
6.37,-0.1453
6.38,-0.1116
6.39,-0.0815
6.4,-0.0658
6.41,-0.0587
6.42,-0.0552
6.43,-0.0564
6.44,-0.0608
6.45,-0.0648
6.46,-0.0662
6.47,-0.063
6.48,-0.048
6.49,-0.0111
6.5,0.0307
6.51,0.0659
6.52,0.0845
6.53,0.0949
6.54,0.1035
6.55,0.1013
6.56,0.0845
6.57,0.063
6.58,0.0586
6.59,0.0658
6.6,0.0709
6.61,0.0693
6.62,0.0621
6.63,0.0541
6.64,0.0492
6.65,0.0483
6.66,0.052
6.67,0.0586
6.68,0.0634
6.69,0.0651
6.7,0.0672
6.71,0.0688
6.72,0.0662
6.73,0.0562
6.74,0.0363
6.75,0.0155
6.76,-0.0007
6.77,-0.02
6.78,-0.0394
6.79,-0.0471
6.8,-0.0465
6.81,-0.0431
6.82,-0.0394
6.83,-0.0376
6.84,-0.0375
6.85,-0.0413
6.86,-0.0578
6.87,-0.0892
6.88,-0.1219
6.89,-0.1536
6.9,-0.181
6.91,-0.1887
6.92,-0.1731
6.93,-0.1309
6.94,-0.0827
6.95,-0.0358
6.96,0.0124
6.97,0.0432
6.98,0.051
6.99,0.0552
7,0.0562
7.01,0.0516
7.02,0.0465
7.03,0.0456
7.04,0.0534
7.05,0.0701
7.06,0.0828
7.07,0.0856
7.08,0.0837
7.09,0.0791
7.1,0.0705
7.11,0.061
7.12,0.0562
7.13,0.0567
7.14,0.0624
7.15,0.0715
7.16,0.0782
7.17,0.0756
7.18,0.0613
7.19,0.0415
7.2,0.0286
7.21,0.0184
7.22,0.0057
7.23,-0.0097
7.24,-0.0293
7.25,-0.0454
7.26,-0.052
7.27,-0.0543
7.28,-0.0528
7.29,-0.0503
7.3,-0.0499
7.31,-0.0521
7.32,-0.0552
7.33,-0.0576
7.34,-0.0596
7.35,-0.0626
7.36,-0.0652
7.37,-0.066
7.38,-0.0627
7.39,-0.0523
7.4,-0.032
7.41,-0.0086
7.42,0.0136
7.43,0.0342
7.44,0.052
7.45,0.0682
7.46,0.0857
7.47,0.0997
7.48,0.1065
7.49,0.1075
7.5,0.1015
7.51,0.0866
7.52,0.0686
7.53,0.0545
7.54,0.0426
7.55,0.0314
7.56,0.0205
7.57,0.0115
7.58,0.0033
7.59,-0.006
7.6,-0.0179
7.61,-0.0337
7.62,-0.0513
7.63,-0.0622
7.64,-0.0668
7.65,-0.0673
7.66,-0.0651
7.67,-0.0628
7.68,-0.0623
7.69,-0.061
7.7,-0.0564
7.71,-0.0498
7.72,-0.0449
7.73,-0.0442
7.74,-0.0462
7.75,-0.0483
7.76,-0.05
7.77,-0.0494
7.78,-0.0455
7.79,-0.0398
7.8,-0.0359
7.81,-0.035
7.82,-0.0357
7.83,-0.0366
7.84,-0.0368
7.85,-0.0349
7.86,-0.0302
7.87,-0.0248
7.88,-0.021
7.89,-0.018
7.9,-0.0125
7.91,-0.002
7.92,0.011
7.93,0.0233
7.94,0.0341
7.95,0.04
7.96,0.0389
7.97,0.0331
7.98,0.0291
7.99,0.0299
8,0.0357
8.01,0.0444
8.02,0.0516
8.03,0.0548
8.04,0.0538
8.05,0.0485
8.06,0.0369
8.07,0.0179
8.08,-0.0021
8.09,-0.0142
8.1,-0.0176
8.11,-0.0158
8.12,-0.0073
8.13,0.0069
8.14,0.0195
8.15,0.029
8.16,0.0365
8.17,0.0391
8.18,0.0352
8.19,0.0284
8.2,0.0234
8.21,0.019
8.22,0.0146
8.23,0.011
8.24,0.0093
8.25,0.0092
8.26,0.0102
8.27,0.0108
8.28,0.0107
8.29,0.0095
8.3,0.0076
8.31,0.0063
8.32,0.0053
8.33,0.0031
8.34,-0.0003
8.35,-0.0047
8.36,-0.0091
8.37,-0.0126
8.38,-0.0142
8.39,-0.0142
8.4,-0.0143
8.41,-0.0149
8.42,-0.015
8.43,-0.0128
8.44,-0.0087
8.45,-0.0059
8.46,-0.0058
8.47,-0.0058
8.48,-0.0048
8.49,-0.0039
8.5,-0.0033
8.51,-0.0024
8.52,-0.0003
8.53,0.0029
8.54,0.0069
8.55,0.0106
8.56,0.0121
8.57,0.0103
8.58,0.0044
8.59,-0.0054
8.6,-0.0147
8.61,-0.0208
8.62,-0.026
8.63,-0.0316
8.64,-0.0366
8.65,-0.0402
8.66,-0.0422
8.67,-0.0417
8.68,-0.0392
8.69,-0.0369
8.7,-0.0337
8.71,-0.0283
8.72,-0.0194
8.73,-0.0076
8.74,0.0061
8.75,0.0187
8.76,0.0301
8.77,0.0377
8.78,0.0393
8.79,0.0333
8.8,0.0185
8.81,-0.0008
8.82,-0.0127
8.83,-0.0153
8.84,-0.0137
8.85,-0.0049
8.86,0.0127
8.87,0.0243
8.88,0.027
8.89,0.0273
8.9,0.0242
8.91,0.0168
8.92,0.0058
8.93,-0.0074
8.94,-0.0158
8.95,-0.0172
8.96,-0.0132
8.97,-0.0013
8.98,0.016
8.99,0.0253
9,0.027
9.01,0.0256
9.02,0.0211
9.03,0.0164
9.04,0.0126
9.05,0.0077
9.06,-0.0009
9.07,-0.0101
9.08,-0.0141
9.09,-0.0132
9.1,-0.0094
9.11,-0.002
9.12,0.0088
9.13,0.0195
9.14,0.0303
9.15,0.0412
9.16,0.0494
9.17,0.0531
9.18,0.0523
9.19,0.0461
9.2,0.0372
9.21,0.0314
9.22,0.0291
9.23,0.0275
9.24,0.0247
9.25,0.0205
9.26,0.016
9.27,0.0107
9.28,0.0017
9.29,-0.0105
9.3,-0.0194
9.31,-0.0261
9.32,-0.0331
9.33,-0.0377
9.34,-0.0392
9.35,-0.0384
9.36,-0.0375
9.37,-0.038
9.38,-0.0389
9.39,-0.0398
9.4,-0.0402
9.41,-0.0394
9.42,-0.0366
9.43,-0.0314
9.44,-0.0247
9.45,-0.0171
9.46,-0.0107
9.47,-0.0077
9.48,-0.008
9.49,-0.0094
9.5,-0.0103
9.51,-0.0102
9.52,-0.009
9.53,-0.0067
9.54,-0.0031
9.55,0.001
9.56,0.0046
9.57,0.0084
9.58,0.0138
9.59,0.0195
9.6,0.0242
9.61,0.0296
9.62,0.0357
9.63,0.041
9.64,0.0428
9.65,0.0408
9.66,0.0358
9.67,0.0276
9.68,0.0185
9.69,0.0123
9.7,0.0086
9.71,0.0063
9.72,0.0057
9.73,0.006
9.74,0.0056
9.75,0.0028
9.76,-0.0034
9.77,-0.012
9.78,-0.0191
9.79,-0.0238
9.8,-0.0284
9.81,-0.0338
9.82,-0.0387
9.83,-0.041
9.84,-0.0396
9.85,-0.034
9.86,-0.0264
9.87,-0.0201
9.88,-0.017
9.89,-0.0159
9.9,-0.0151
9.91,-0.014
9.92,-0.013
9.93,-0.0125
9.94,-0.0126
9.95,-0.0132
9.96,-0.0133
9.97,-0.0125
9.98,-0.0106
9.99,-0.0079
10,-0.0042
10.01,0.0004
10.02,0.0049
10.03,0.0078
10.04,0.0078
10.05,0.004
10.06,-0.0022
10.07,-0.0078
10.08,-0.0111
10.09,-0.0126
10.1,-0.0126
10.11,-0.0114
10.12,-0.0096
10.13,-0.0072
10.14,-0.0046
10.15,-0.003
10.16,-0.0029
10.17,-0.0044
10.18,-0.0073
10.19,-0.0101
10.2,-0.0116
10.21,-0.0108
10.22,-0.0079
10.23,-0.0049
10.24,-0.0027
10.25,-0.0008
10.26,0.0011
10.27,0.0039
10.28,0.0076
10.29,0.0109
10.3,0.0143
10.31,0.0179
10.32,0.0197
10.33,0.0185
10.34,0.0149
10.35,0.0117
10.36,0.0098
10.37,0.0089
10.38,0.0097
10.39,0.0124
10.4,0.0157
10.41,0.0179
10.42,0.0185
10.43,0.0181
10.44,0.0177
10.45,0.0168
10.46,0.0163
10.47,0.0168
10.48,0.0174
10.49,0.0164
10.5,0.0142
10.51,0.012
10.52,0.0102
10.53,0.0086
10.54,0.0072
10.55,0.0062
10.56,0.0066
10.57,0.0091
10.58,0.0132
10.59,0.0171
10.6,0.0176
10.61,0.0148
10.62,0.0112
10.63,0.0078
10.64,0.0055
10.65,0.0042
10.66,0.0031
10.67,0.0015
10.68,-0.0011
10.69,-0.0044
10.7,-0.0071
10.71,-0.0081
10.72,-0.0073
10.73,-0.0044
10.74,-0.001
10.75,0.0014
10.76,0.0016
10.77,0
10.78,-0.0019
10.79,-0.0029
10.8,-0.0026
10.81,-0.0013
10.82,-0.0005
10.83,-0.0011
10.84,-0.0031
10.85,-0.0056
10.86,-0.0079
10.87,-0.0106
10.88,-0.014
10.89,-0.0182
10.9,-0.023
10.91,-0.0267
10.92,-0.0292
10.93,-0.0306
10.94,-0.0297
10.95,-0.0262
10.96,-0.0211
10.97,-0.0153
10.98,-0.0088
10.99,-0.0009
11,0.0081
11.01,0.0161
11.02,0.0206
11.03,0.0209
11.04,0.0177
11.05,0.012
11.06,0.0068
11.07,0.0043
11.08,0.0043
11.09,0.0057
11.1,0.0069
11.11,0.0077
11.12,0.0088
11.13,0.0095
11.14,0.009
11.15,0.0065
11.16,0.0018
11.17,-0.0035
11.18,-0.007
11.19,-0.0077
11.2,-0.0061
11.21,-0.0041
11.22,-0.002
11.23,0.0009
11.24,0.0038
11.25,0.006
11.26,0.0069
11.27,0.0058
11.28,0.0027
11.29,-0.0007
11.3,-0.0025
11.31,-0.0018
11.32,0.0012
11.33,0.0056
11.34,0.0105
11.35,0.0149
11.36,0.0175
11.37,0.0171
11.38,0.014
11.39,0.0097
11.4,0.0044
11.41,-0.0007
11.42,-0.0053
11.43,-0.009
11.44,-0.0121
11.45,-0.0148
11.46,-0.0176
11.47,-0.0211
11.48,-0.0246
11.49,-0.0268
11.5,-0.0268
11.51,-0.0246
11.52,-0.021
11.53,-0.0179
11.54,-0.0157
11.55,-0.0148
11.56,-0.013
11.57,-0.009
11.58,-0.0031
11.59,0.0047
11.6,0.0124
11.61,0.0174
11.62,0.0199
11.63,0.0202
11.64,0.0182
11.65,0.0138
11.66,0.0076
11.67,0.0014
11.68,-0.003
11.69,-0.0058
11.7,-0.0082
11.71,-0.0105
11.72,-0.0123
11.73,-0.013
11.74,-0.0122
11.75,-0.0107
11.76,-0.0103
11.77,-0.0112
11.78,-0.0129
11.79,-0.014
11.8,-0.0135
11.81,-0.0111
11.82,-0.007
11.83,-0.0022
11.84,0.0018
11.85,0.0038
11.86,0.0037
11.87,0.0021
11.88,0.0002
11.89,-0.0002
11.9,0.0024
11.91,0.0082
11.92,0.0163
11.93,0.0237
11.94,0.0275
11.95,0.0282
11.96,0.0274
11.97,0.0249
11.98,0.0203
11.99,0.0135
12,0.0062
12.01,0.0007
12.02,-0.0022
12.03,-0.0031
12.04,-0.0034
12.05,-0.0037
12.06,-0.0043
12.07,-0.0062
12.08,-0.0078
12.09,-0.0087
12.1,-0.0089
12.11,-0.0095
12.12,-0.01
12.13,-0.01
12.14,-0.0099
12.15,-0.0085
12.16,-0.0061
12.17,-0.0046
12.18,-0.004
12.19,-0.0037
12.2,-0.0035
12.21,-0.0032
12.22,-0.004
12.23,-0.006
12.24,-0.0084
12.25,-0.0097
12.26,-0.0091
12.27,-0.0065
12.28,-0.0028
12.29,0.0007
12.3,0.0029
12.31,0.0044
12.32,0.0062
12.33,0.0088
12.34,0.0118
12.35,0.0148
12.36,0.0175
12.37,0.0191
12.38,0.0197
12.39,0.0201
12.4,0.0196
12.41,0.0177
12.42,0.0154
12.43,0.0141
12.44,0.014
12.45,0.0135
12.46,0.0123
12.47,0.0112
12.48,0.0103
12.49,0.0098
12.5,0.0091
12.51,0.0084
12.52,0.008
12.53,0.0076
12.54,0.0067
12.55,0.0057
12.56,0.0028
12.57,-0.0022
12.58,-0.0075
12.59,-0.0117
12.6,-0.0131
12.61,-0.0106
12.62,-0.005
12.63,0.0014
12.64,0.0065
12.65,0.0085
12.66,0.0074
12.67,0.0039
12.68,-0.0018
12.69,-0.0073
12.7,-0.0111
12.71,-0.0127
12.72,-0.0124
12.73,-0.0109
12.74,-0.0089
12.75,-0.007
12.76,-0.0056
12.77,-0.0052
12.78,-0.0053
12.79,-0.0052
12.8,-0.0044
12.81,-0.0017
12.82,0.0027
12.83,0.0074
12.84,0.0113
12.85,0.0143
12.86,0.0162
12.87,0.0174
12.88,0.018
12.89,0.0181
12.9,0.0181
12.91,0.0177
12.92,0.0169
12.93,0.0148
12.94,0.0115
12.95,0.0076
12.96,0.003
12.97,-0.0032
12.98,-0.0096
12.99,-0.0148
13,-0.0186
13.01,-0.0214
13.02,-0.0225
13.03,-0.0211
13.04,-0.0164
13.05,-0.0072
13.06,0.0038
13.07,0.0112
13.08,0.0146
13.09,0.0157
13.1,0.0159
13.11,0.016
13.12,0.017
13.13,0.0174
13.14,0.0168
13.15,0.0147
13.16,0.0122
13.17,0.0094
13.18,0.0064
13.19,0.0033
13.2,0.0012
13.21,0.0004
13.22,-0.0001
13.23,-0.0012
13.24,-0.0033
13.25,-0.0065
13.26,-0.0106
13.27,-0.0152
13.28,-0.0194
13.29,-0.0229
13.3,-0.0249
13.31,-0.024
13.32,-0.0203
13.33,-0.0152
13.34,-0.0107
13.35,-0.009
13.36,-0.009
13.37,-0.0085
13.38,-0.0072
13.39,-0.0052
13.4,-0.003
13.41,-0.0008
13.42,0.0001
13.43,0.0003
13.44,0
13.45,-0.0009
13.46,-0.0019
13.47,-0.0027
13.48,-0.0037
13.49,-0.0045
13.5,-0.0055
13.51,-0.0067
13.52,-0.0073
13.53,-0.0059
13.54,-0.0022
13.55,0.0035
13.56,0.0086
13.57,0.0113
13.58,0.0112
13.59,0.0096
13.6,0.0076
13.61,0.0059
13.62,0.0062
13.63,0.0087
13.64,0.0129
13.65,0.0176
13.66,0.0202
13.67,0.0192
13.68,0.0147
13.69,0.0083
13.7,0.0023
13.71,-0.0016
13.72,-0.0032
13.73,-0.0035
13.74,-0.0027
13.75,-0.0005
13.76,0.0021
13.77,0.0035
13.78,0.0037
13.79,0.0031
13.8,0.0022
13.81,0.0008
13.82,-0.0002
13.83,-0.0015
13.84,-0.0027
13.85,-0.0036
13.86,-0.0042
13.87,-0.0045
13.88,-0.0045
13.89,-0.0053
13.9,-0.0076
13.91,-0.0107
13.92,-0.013
13.93,-0.0133
13.94,-0.0118
13.95,-0.0094
13.96,-0.0067
13.97,-0.0042
13.98,-0.0011
13.99,0.0028
14,0.0068
14.01,0.0099
14.02,0.0112
14.03,0.0107
14.04,0.0084
14.05,0.0041
14.06,-0.0017
14.07,-0.0066
14.08,-0.0088
14.09,-0.0086
14.1,-0.0057
14.11,-0.0016
14.12,0.0026
14.13,0.0056
14.14,0.0058
14.15,0.003
14.16,-0.0021
14.17,-0.0078
14.18,-0.0124
14.19,-0.0154
14.2,-0.0151
14.21,-0.0115
14.22,-0.0062
14.23,-0.0018
14.24,0.0003
14.25,0.0007
14.26,0.0004
14.27,-0.0006
14.28,-0.0021
14.29,-0.0046
14.3,-0.0077
14.31,-0.0095
14.32,-0.0093
14.33,-0.0063
14.34,-0.0012
14.35,0.0053
14.36,0.0103
14.37,0.0124
14.38,0.0117
14.39,0.0108
14.4,0.0107
14.41,0.0113
14.42,0.0115
14.43,0.0109
14.44,0.0101
14.45,0.0091
14.46,0.0084
14.47,0.0078
14.48,0.0069
14.49,0.0057
14.5,0.0043
14.51,0.0027
14.52,0.0008
14.53,-0.0012
14.54,-0.0033
14.55,-0.0049
14.56,-0.0057
14.57,-0.0051
14.58,-0.0029
14.59,0.0005
14.6,0.0025
14.61,0.0013
14.62,-0.0012
14.63,-0.0035
14.64,-0.0054
14.65,-0.007
14.66,-0.0077
14.67,-0.0077
14.68,-0.0073
14.69,-0.0059
14.7,-0.004
14.71,-0.0018
14.72,-0.0004
14.73,-0.0001
14.74,-0.0006
14.75,-0.0012
14.76,-0.0015
14.77,-0.0011
14.78,0.0001
14.79,0.0022
14.8,0.0044
14.81,0.0069
14.82,0.0094
14.83,0.0119
14.84,0.0142
14.85,0.0155
14.86,0.0158
14.87,0.0152
14.88,0.0139
14.89,0.0114
14.9,0.008
14.91,0.0052
14.92,0.0037
14.93,0.0025
14.94,0.0015
14.95,0.0007
14.96,0.0004
14.97,-0.0002
14.98,-0.0007
14.99,-0.001
15,-0.0014
15.01,-0.0011
15.02,0.0003
15.03,0.0016
15.04,0.0022
15.05,0.0022
15.06,0.0021
15.07,0.001
15.08,-0.0009
15.09,-0.0031
15.1,-0.0047
15.11,-0.006
15.12,-0.0071
15.13,-0.0087
15.14,-0.0111
15.15,-0.0132
15.16,-0.0149
15.17,-0.0161
15.18,-0.0169
15.19,-0.0176
15.2,-0.0187
15.21,-0.0194
15.22,-0.0195
15.23,-0.0192
15.24,-0.019
15.25,-0.0196
15.26,-0.0211
15.27,-0.0217
15.28,-0.0212
15.29,-0.0196
15.3,-0.0169
15.31,-0.0139
15.32,-0.0106
15.33,-0.0062
15.34,-0.0011
15.35,0.003
15.36,0.0059
15.37,0.0079
15.38,0.009
15.39,0.0097
15.4,0.0107
15.41,0.0113
15.42,0.0118
15.43,0.012
15.44,0.0111
15.45,0.0089
15.46,0.0063
15.47,0.0047
15.48,0.0041
15.49,0.0045
15.5,0.0056
15.51,0.0061
15.52,0.0056
15.53,0.0046
15.54,0.004
15.55,0.0046
15.56,0.007
15.57,0.0105
15.58,0.0144
15.59,0.0178
15.6,0.0197
15.61,0.0196
15.62,0.0182
15.63,0.0158
15.64,0.0126
15.65,0.0094
15.66,0.0062
15.67,0.0036
15.68,0.0008
15.69,-0.0023
15.7,-0.0055
15.71,-0.0097
15.72,-0.0132
15.73,-0.0151
15.74,-0.0155
15.75,-0.0146
15.76,-0.0124
15.77,-0.0099
15.78,-0.0075
15.79,-0.0055
15.8,-0.0041
15.81,-0.0022
15.82,0.0003
15.83,0.003
15.84,0.005
15.85,0.0067
15.86,0.0086
15.87,0.0101
15.88,0.011
15.89,0.0112
15.9,0.0106
15.91,0.0088
15.92,0.0057
15.93,0.0018
15.94,-0.0024
15.95,-0.006
15.96,-0.0089
15.97,-0.0109
15.98,-0.0114
15.99,-0.0098
16,-0.0065
16.01,-0.0028
16.02,-0.0007
16.03,-0.0003
16.04,-0.0008
16.05,-0.0005
16.06,0.0004
16.07,0.0014
16.08,0.002
16.09,0.0016
16.1,0.0005
16.11,-0.0009
16.12,-0.0015
16.13,-0.0013
16.14,-0.0007
16.15,-0.0008
16.16,-0.0018
16.17,-0.0032
16.18,-0.0041
16.19,-0.0045
16.2,-0.0042
16.21,-0.0032
16.22,-0.0013
16.23,0.0014
16.24,0.0043
16.25,0.0068
16.26,0.0079
16.27,0.0075
16.28,0.0066
16.29,0.006
16.3,0.0056
16.31,0.0049
16.32,0.0034
16.33,0.0014
16.34,-0.0008
16.35,-0.0026
16.36,-0.0044
16.37,-0.0057
16.38,-0.0067
16.39,-0.0073
16.4,-0.0076
16.41,-0.008
16.42,-0.008
16.43,-0.0072
16.44,-0.0061
16.45,-0.0053
16.46,-0.005
16.47,-0.005
16.48,-0.0049
16.49,-0.0043
16.5,-0.0032
16.51,-0.0008
16.52,0.003
16.53,0.0078
16.54,0.0126
16.55,0.016
16.56,0.017
16.57,0.0157
16.58,0.0126
16.59,0.0089
16.6,0.0052
16.61,0.0026
16.62,0.0013
16.63,0.001
16.64,0.0005
16.65,-0.0002
16.66,-0.0001
16.67,0.0003
16.68,-0.0001
16.69,-0.0015
16.7,-0.0032
16.71,-0.0049
16.72,-0.0062
16.73,-0.0064
16.74,-0.0051
16.75,-0.0032
16.76,-0.0005
16.77,0.0012
16.78,0.0014
16.79,0.0005
16.8,-0.0011
16.81,-0.003
16.82,-0.0046
16.83,-0.0059
16.84,-0.0071
16.85,-0.0083
16.86,-0.0091
16.87,-0.0091
16.88,-0.0077
16.89,-0.0051
16.9,-0.0021
16.91,0.0001
16.92,0.0016
16.93,0.0026
16.94,0.0037
16.95,0.0054
16.96,0.0079
16.97,0.0096
16.98,0.0107
16.99,0.0112
17,0.0112
17.01,0.0112
17.02,0.0109
17.03,0.0096
17.04,0.0073
17.05,0.0045
17.06,0.0018
17.07,-0.0008
17.08,-0.0036
17.09,-0.0068
17.1,-0.0101
17.11,-0.0125
17.12,-0.0126
17.13,-0.0109
17.14,-0.0088
17.15,-0.0069
17.16,-0.0059
17.17,-0.0064
17.18,-0.0078
17.19,-0.0096
17.2,-0.0116
17.21,-0.0128
17.22,-0.012
17.23,-0.0096
17.24,-0.0059
17.25,-0.0022
17.26,-0.0001
17.27,-0.0002
17.28,-0.0024
17.29,-0.0043
17.3,-0.0049
17.31,-0.0051
17.32,-0.0046
17.33,-0.004
17.34,-0.0035
17.35,-0.0021
17.36,-0.001
17.37,-0.0008
17.38,-0.002
17.39,-0.0042
17.4,-0.007
17.41,-0.0095
17.42,-0.0105
17.43,-0.0096
17.44,-0.0076
17.45,-0.0057
17.46,-0.0032
17.47,-0.0003
17.48,0.0015
17.49,0.0018
17.5,0.0019
17.51,0.0021
17.52,0.0022
17.53,0.0018
17.54,0.0011
17.55,0.0003
17.56,-0.0001
17.57,-0.0001
17.58,0.0005
17.59,0.0007
17.6,0.0007
17.61,0.0003
17.62,-0.0009
17.63,-0.0029
17.64,-0.0051
17.65,-0.0068
17.66,-0.0078
17.67,-0.008
17.68,-0.0071
17.69,-0.0043
17.7,0.001
17.71,0.007
17.72,0.0105
17.73,0.0103
17.74,0.0072
17.75,0.0029
17.76,-0.0015
17.77,-0.0052
17.78,-0.0069
17.79,-0.0057
17.8,-0.0023
17.81,0.0014
17.82,0.0038
17.83,0.0052
17.84,0.0066
17.85,0.0079
17.86,0.0084
17.87,0.0074
17.88,0.0057
17.89,0.0046
17.9,0.0047
17.91,0.0054
17.92,0.0057
17.93,0.0055
17.94,0.0059
17.95,0.0065
17.96,0.0062
17.97,0.0054
17.98,0.0046
17.99,0.004
18,0.0035
18.01,0.004
18.02,0.0057
18.03,0.0082
18.04,0.0106
18.05,0.0114
18.06,0.0105
18.07,0.0083
18.08,0.0053
18.09,0.0026
18.1,0.0007
18.11,0
18.12,0.0004
18.13,0.0019
18.14,0.004
18.15,0.0058
18.16,0.0071
18.17,0.0081
18.18,0.0086
18.19,0.0088
18.2,0.0087
18.21,0.0081
18.22,0.0075
18.23,0.0073
18.24,0.0071
18.25,0.0073
18.26,0.0081
18.27,0.0086
18.28,0.0082
18.29,0.0073
18.3,0.0051
18.31,0.002
18.32,-0.0019
18.33,-0.0059
18.34,-0.0089
18.35,-0.0111
18.36,-0.0131
18.37,-0.0146
18.38,-0.015
18.39,-0.0149
18.4,-0.0153
18.41,-0.0159
18.42,-0.0165
18.43,-0.0167
18.44,-0.0161
18.45,-0.0143
18.46,-0.0115
18.47,-0.008
18.48,-0.0039
18.49,-0.0002
18.5,0.0028
18.51,0.0041
18.52,0.0038
18.53,0.0031
18.54,0.0022
18.55,0.0011
18.56,0.0005
18.57,0.0007
18.58,0.0005
18.59,0
18.6,-0.0009
18.61,-0.0026
18.62,-0.0041
18.63,-0.005
18.64,-0.0058
18.65,-0.0073
18.66,-0.009
18.67,-0.0107
18.68,-0.0114
18.69,-0.0112
18.7,-0.0106
18.71,-0.0098
18.72,-0.0084
18.73,-0.007
18.74,-0.0061
18.75,-0.0048
18.76,-0.0036
18.77,-0.0031
18.78,-0.0037
18.79,-0.0039
18.8,-0.0028
18.81,-0.0011
18.82,0.0012
18.83,0.0034
18.84,0.0044
18.85,0.0048
18.86,0.0053
18.87,0.0057
18.88,0.0063
18.89,0.0074
18.9,0.008
18.91,0.008
18.92,0.0075
18.93,0.0059
18.94,0.0042
18.95,0.0024
18.96,0.0009
18.97,0.0004
18.98,0.001
18.99,0.0024
19,0.0037
19.01,0.0036
19.02,0.0021
19.03,0.0002
19.04,-0.0021
19.05,-0.0047
19.06,-0.0079
19.07,-0.0096
19.08,-0.0095
19.09,-0.0074
19.1,-0.0046
19.11,-0.0019
19.12,-0.0005
19.13,-0.0013
19.14,-0.0032
19.15,-0.0052
19.16,-0.0066
19.17,-0.0057
19.18,-0.0028
19.19,0.0004
19.2,0.0037
19.21,0.0066
19.22,0.0084
19.23,0.0096
19.24,0.0108
19.25,0.0119
19.26,0.0132
19.27,0.0145
19.28,0.0153
19.29,0.0151
19.3,0.0135
19.31,0.0111
19.32,0.0083
19.33,0.0058
19.34,0.0037
19.35,0.0015
19.36,-0.0011
19.37,-0.0038
19.38,-0.0056
19.39,-0.0064
19.4,-0.0059
19.41,-0.0044
19.42,-0.0024
19.43,-0.0004
19.44,0.0012
19.45,0.0016
19.46,0.0007
19.47,-0.0006
19.48,-0.0008
19.49,-0.0003
19.5,0.0013
19.51,0.0028
19.52,0.0031
19.53,0.0017
19.54,-0.0005
19.55,-0.0034
19.56,-0.0065
19.57,-0.0104
19.58,-0.0135
19.59,-0.0152
19.6,-0.0153
19.61,-0.0134
19.62,-0.0103
19.63,-0.0062
19.64,-0.0022
19.65,0.0014
19.66,0.0032
19.67,0.0042
19.68,0.0051
19.69,0.0055
19.7,0.005
19.71,0.0043
19.72,0.0043
19.73,0.0049
19.74,0.0059
19.75,0.0068
19.76,0.0071
19.77,0.0062
19.78,0.0034
19.79,-0.0012
19.8,-0.0054
19.81,-0.0076
19.82,-0.008
19.83,-0.0072
19.84,-0.0058
19.85,-0.0038
19.86,-0.0011
19.87,0.0017
19.88,0.0027
19.89,0.0022
19.9,0.0009
19.91,0
19.92,-0.0003
19.93,-0.0005
19.94,-0.002
19.95,-0.0046
19.96,-0.0059
19.97,-0.0049
19.98,-0.0026
19.99,-0.0001
20,0.0019
20.01,0.0035
20.02,0.0043
20.03,0.0043
20.04,0.004
20.05,0.0032
20.06,0.0022
20.07,0.001
20.08,0.0002
20.09,-0.0009
20.1,-0.0021
20.11,-0.0021
20.12,-0.0005
20.13,0.0015
20.14,0.0037
20.15,0.0052
20.16,0.0064
20.17,0.0081
20.18,0.0096
20.19,0.01
20.2,0.0094
20.21,0.0087
20.22,0.0082
20.23,0.008
20.24,0.0081
20.25,0.0078
20.26,0.0068
20.27,0.005
20.28,0.0026
20.29,0.0006
20.3,-0.0009
20.31,-0.001
20.32,0.0007
20.33,0.0021
20.34,0.0021
20.35,0.0001
20.36,-0.0033
20.37,-0.0058
20.38,-0.0068
20.39,-0.0059
20.4,-0.0032
20.41,0.0005
20.42,0.0039
20.43,0.0053
20.44,0.0055
20.45,0.0054
20.46,0.005
20.47,0.0043
20.48,0.003
20.49,0.0013
20.5,-0.0004
20.51,-0.0014
20.52,-0.0014
20.53,-0.0013
20.54,-0.0012
20.55,-0.0012
20.56,-0.0014
20.57,-0.0009
20.58,-0.0004
20.59,0.0007
20.6,0.0027
20.61,0.0047
20.62,0.0065
20.63,0.0071
20.64,0.0066
20.65,0.0052
20.66,0.0039
20.67,0.0033
20.68,0.0029
20.69,0.0037
20.7,0.0054
20.71,0.0073
20.72,0.0082
20.73,0.0074
20.74,0.0054
20.75,0.0025
20.76,-0.0003
20.77,-0.0026
20.78,-0.0036
20.79,-0.0038
20.8,-0.0039
20.81,-0.0031
20.82,-0.0016
20.83,-0.0003
20.84,0
20.85,-0.0009
20.86,-0.0029
20.87,-0.0052
20.88,-0.0069
20.89,-0.0078
20.9,-0.0072
20.91,-0.0057
20.92,-0.0043
20.93,-0.0035
20.94,-0.0033
20.95,-0.004
20.96,-0.0052
20.97,-0.0064
20.98,-0.007
20.99,-0.0064
21,-0.0046
21.01,-0.0015
21.02,0.002
21.03,0.0046
21.04,0.0052
21.05,0.0036
21.06,0.0012
21.07,-0.0021
21.08,-0.005
21.09,-0.007
21.1,-0.0078
21.11,-0.0077
21.12,-0.007
21.13,-0.0061
21.14,-0.0058
21.15,-0.006
21.16,-0.0059
21.17,-0.0052
21.18,-0.0031
21.19,0
21.2,0.0027
21.21,0.0036
21.22,0.0026
21.23,0.0006
21.24,-0.0014
21.25,-0.0023
21.26,-0.0022
21.27,-0.001
21.28,0.0009
21.29,0.002
21.3,0.0017
21.31,0.0001
21.32,-0.002
21.33,-0.004
21.34,-0.0047
21.35,-0.0041
21.36,-0.0023
21.37,0.0002
21.38,0.0029
21.39,0.0054
21.4,0.0075
21.41,0.0077
21.42,0.0066
21.43,0.005
21.44,0.0028
21.45,0.0001
21.46,-0.0024
21.47,-0.0047
21.48,-0.0062
21.49,-0.0066
21.5,-0.0062
21.51,-0.0048
21.52,-0.0026
21.53,-0.0004
21.54,0.0011
21.55,0.0022
21.56,0.0027
21.57,0.0036
21.58,0.0049
21.59,0.0063
21.6,0.0071
21.61,0.0072
21.62,0.0069
21.63,0.0057
21.64,0.0041
21.65,0.003
21.66,0.0022
21.67,0.0017
21.68,0.0006
21.69,-0.0005
21.7,-0.0013
21.71,-0.0015
21.72,-0.0007
21.73,0.0015
21.74,0.0046
21.75,0.0075
21.76,0.0093
21.77,0.0095
21.78,0.0091
21.79,0.0083
21.8,0.0072
21.81,0.0054
21.82,0.004
21.83,0.0032
21.84,0.003
21.85,0.0034
21.86,0.0036
21.87,0.0032
21.88,0.0026
21.89,0.0018
21.9,0.0012
21.91,0.0002
21.92,-0.0006
21.93,-0.001
21.94,-0.0015
21.95,-0.0017
21.96,-0.0013
21.97,-0.0014
21.98,-0.0015
21.99,-0.0016
22,-0.0021
22.01,-0.0025
22.02,-0.0022
22.03,-0.0009
22.04,0.0007
22.05,0.0025
22.06,0.0036
22.07,0.004
22.08,0.0042
22.09,0.0044
22.1,0.0039
22.11,0.0026
22.12,0.0011
22.13,-0.001
22.14,-0.0032
22.15,-0.0052
22.16,-0.006
22.17,-0.0055
22.18,-0.004
22.19,-0.0018
22.2,0.0001
22.21,0.0017
22.22,0.0031
22.23,0.004
22.24,0.0046
22.25,0.005
22.26,0.0055
22.27,0.0056
22.28,0.0057
22.29,0.0059
22.3,0.0057
22.31,0.0054
22.32,0.0044
22.33,0.0027
22.34,0.0009
22.35,-0.0005
22.36,-0.001
22.37,-0.0008
22.38,0
22.39,0.0002
22.4,0.0008
22.41,0.0017
22.42,0.0026
22.43,0.0033
22.44,0.0039
22.45,0.0042
22.46,0.0039
22.47,0.0034
22.48,0.0025
22.49,0.0008
22.5,-0.0013
22.51,-0.003
22.52,-0.0041
22.53,-0.0046
22.54,-0.005
22.55,-0.0049
22.56,-0.0045
22.57,-0.0046
22.58,-0.005
22.59,-0.0058
22.6,-0.007
22.61,-0.008
22.62,-0.0083
22.63,-0.0077
22.64,-0.0067
22.65,-0.0054
22.66,-0.0037
22.67,-0.0022
22.68,-0.0017
22.69,-0.0022
22.7,-0.0037
22.71,-0.0053
22.72,-0.0062
22.73,-0.006
22.74,-0.0049
22.75,-0.0034
22.76,-0.0025
22.77,-0.0027
22.78,-0.0035
22.79,-0.0039
22.8,-0.0042
22.81,-0.0037
22.82,-0.0031
22.83,-0.0029
22.84,-0.0023
22.85,-0.0025
22.86,-0.0031
22.87,-0.0039
22.88,-0.0047
22.89,-0.0048
22.9,-0.0043
22.91,-0.0036
22.92,-0.0034
22.93,-0.0035
22.94,-0.0033
22.95,-0.003
22.96,-0.0027
22.97,-0.0024
22.98,-0.0022
22.99,-0.0022
23,-0.0018
23.01,-0.0019
23.02,-0.0023
23.03,-0.0022
23.04,-0.0024
23.05,-0.0033
23.06,-0.0034
23.07,-0.0034
23.08,-0.0035
23.09,-0.0037
23.1,-0.0042
23.11,-0.0046
23.12,-0.0043
23.13,-0.003
23.14,-0.001
23.15,0.0015
23.16,0.004
23.17,0.0061
23.18,0.0073
23.19,0.0074
23.2,0.007
23.21,0.0061
23.22,0.0051
23.23,0.0043
23.24,0.0034
23.25,0.0025
23.26,0.002
23.27,0.0022
23.28,0.0024
23.29,0.0024
23.3,0.0019
23.31,0.0008
23.32,-0.0005
23.33,-0.0015
23.34,-0.0015
23.35,-0.0009
23.36,-0.0003
23.37,0.0005
23.38,0.0015
23.39,0.0027
23.4,0.0046
23.41,0.0061
23.42,0.0061
23.43,0.005
23.44,0.0034
23.45,0.0018
23.46,0.0011
23.47,0.0012
23.48,0.0022
23.49,0.0029
23.5,0.0025
23.51,0.0014
23.52,0.0005
23.53,-0.0001
23.54,0.0003
23.55,0.0017
23.56,0.0036
23.57,0.0055
23.58,0.0064
23.59,0.006
23.6,0.004
23.61,0.0013
23.62,-0.0018
23.63,-0.0042
23.64,-0.0052
23.65,-0.0054
23.66,-0.0044
23.67,-0.0023
23.68,0
23.69,0.0013
23.7,0.0006
23.71,-0.0008
23.72,-0.0015
23.73,-0.0015
23.74,-0.0011
23.75,0.0002
23.76,0.0012
23.77,0.0014
23.78,0.0006
23.79,-0.0004
23.8,-0.0012
23.81,-0.0017
23.82,-0.002
23.83,-0.0023
23.84,-0.0017
23.85,0.0004
23.86,0.0032
23.87,0.0059
23.88,0.008
23.89,0.0088
23.9,0.0083
23.91,0.007
23.92,0.0052
23.93,0.0033
23.94,0.0014
23.95,-0.0003
23.96,-0.0021
23.97,-0.0031
23.98,-0.0032
23.99,-0.0023
24,-0.001
24.01,-0.0006
24.02,-0.0012
24.03,-0.0027
24.04,-0.0044
24.05,-0.0055
24.06,-0.0057
24.07,-0.0058
24.08,-0.006
24.09,-0.006
24.1,-0.0052
24.11,-0.0037
24.12,-0.002
24.13,-0.001
24.14,-0.0006
24.15,-0.0009
24.16,-0.0014
24.17,-0.0019
24.18,-0.0026
24.19,-0.0032
24.2,-0.0034
24.21,-0.0035
24.22,-0.0031
24.23,-0.0016
24.24,0.0007
24.25,0.0029
24.26,0.0043
24.27,0.0051
24.28,0.0053
24.29,0.0049
24.3,0.0046
24.31,0.0047
24.32,0.0046
24.33,0.004
24.34,0.0029
24.35,0.0017
24.36,0.0003
24.37,-0.001
24.38,-0.0018
24.39,-0.0016
24.4,-0.0005
24.41,0.0014
24.42,0.0032
24.43,0.0043
24.44,0.0041
24.45,0.003
24.46,0.0016
24.47,0.0002
24.48,-0.0006
24.49,-0.0003
24.5,0.0005
24.51,0.0013
24.52,0.0012
24.53,-0.0001
24.54,-0.0016
24.55,-0.0026
24.56,-0.0031
24.57,-0.0031
24.58,-0.0026
24.59,-0.0015
24.6,-0.0007
24.61,-0.0002
24.62,0.0006
24.63,0.0015
24.64,0.0026
24.65,0.0044
24.66,0.0068
24.67,0.0088
24.68,0.0096
24.69,0.0085
24.7,0.0058
24.71,0.0033
24.72,0.0018
24.73,0.0014
24.74,0.0021
24.75,0.0033
24.76,0.0043
24.77,0.0039
24.78,0.0028
24.79,0.0011
24.8,-0.001
24.81,-0.0031
24.82,-0.0044
24.83,-0.0053
24.84,-0.0055
24.85,-0.0047
24.86,-0.0042
24.87,-0.0042
24.88,-0.0046
24.89,-0.0048
24.9,-0.005
24.91,-0.005
24.92,-0.0049
24.93,-0.0046
24.94,-0.0034
24.95,-0.0016
24.96,-0.0001
24.97,0.0007
24.98,0.0004
24.99,-0.0003
25,-0.0006
25.01,-0.0006
25.02,-0.0006
25.03,-0.0001
25.04,0.0008
25.05,0.0017
25.06,0.0025
25.07,0.0028
25.08,0.0027
25.09,0.0026
25.1,0.0017
25.11,0.0002
25.12,-0.0017
25.13,-0.0035
25.14,-0.0049
25.15,-0.0058
25.16,-0.0059
25.17,-0.0051
25.18,-0.0039
25.19,-0.0032
25.2,-0.0024
25.21,-0.0018
25.22,-0.0004
25.23,0.0011
25.24,0.002
25.25,0.0021
25.26,0.002
25.27,0.0019
25.28,0.0013
25.29,0.0006
25.3,-0.0004
25.31,-0.0014
25.32,-0.0024
25.33,-0.003
25.34,-0.0025
25.35,-0.0015
25.36,-0.0002
25.37,0.001
25.38,0.002
25.39,0.0029
25.4,0.0033
25.41,0.0037
25.42,0.0034
25.43,0.0032
25.44,0.0031
25.45,0.0024
25.46,0.0011
25.47,-0.0002
25.48,-0.0007
25.49,-0.0003
25.5,0.0008
25.51,0.0014
25.52,0.0007
25.53,-0.0012
25.54,-0.0034
25.55,-0.0051
25.56,-0.0059
25.57,-0.0056
25.58,-0.0042
25.59,-0.0031
25.6,-0.0025
25.61,-0.0024
25.62,-0.0024
25.63,-0.0026
25.64,-0.0034
25.65,-0.0038
25.66,-0.0042
25.67,-0.0045
25.68,-0.0042
25.69,-0.0036
25.7,-0.0028
25.71,-0.0015
25.72,-0.0002
25.73,0.0003
25.74,-0.0001
25.75,-0.0008
25.76,-0.0016
25.77,-0.0018
25.78,-0.0015
25.79,-0.0008
25.8,-0.0002
25.81,0.0004
25.82,0.0004
25.83,0.0002
25.84,-0.0005
25.85,-0.0013
25.86,-0.002
25.87,-0.0029
25.88,-0.0042
25.89,-0.0052
25.9,-0.0057
25.91,-0.0048
25.92,-0.0019
25.93,0.002
25.94,0.0057
25.95,0.0088
25.96,0.0102
25.97,0.0096
25.98,0.0079
25.99,0.0055
26,0.0029
26.01,0.0011
26.02,0.0004
26.03,0.0011
26.04,0.0027
26.05,0.0039
26.06,0.0035
26.07,0.0021
26.08,0.0017
26.09,0.0022
26.1,0.0022
26.11,-0.0001
26.12,-0.0043
26.13,-0.0085
26.14,-0.0103
26.15,-0.0092
26.16,-0.007
26.17,-0.0059
26.18,-0.0055
26.19,-0.0048
26.2,-0.0043
26.21,-0.0047
26.22,-0.006
26.23,-0.0067
26.24,-0.005
26.25,-0.0018
26.26,0.0011
26.27,0.0029
26.28,0.0043
26.29,0.0056
26.3,0.006
26.31,0.0053
26.32,0.0033
26.33,0.0018
26.34,0.0018
26.35,0.002
26.36,0.0013
26.37,-0.0012
26.38,-0.0041
26.39,-0.0058
26.4,-0.0058
26.41,-0.0044
26.42,-0.0025
26.43,-0.0014
26.44,-0.0012
26.45,-0.0004
26.46,0.0009
26.47,0.0026
26.48,0.0043
26.49,0.0052
26.5,0.0051
26.51,0.0044
26.52,0.0034
26.53,0.0023
26.54,0.0014
26.55,0.0009
26.56,0.001
26.57,0.0018
26.58,0.003
26.59,0.0041
26.6,0.0038
26.61,0.0025
26.62,0.001
26.63,0
26.64,0.0001
26.65,0.0015
26.66,0.0025
26.67,0.0029
26.68,0.0033
26.69,0.0027
26.7,0.0008
26.71,-0.0017
26.72,-0.0034
26.73,-0.0037
26.74,-0.0029
26.75,-0.002
26.76,-0.001
26.77,-0.0001
26.78,-0.0002
26.79,-0.0012
26.8,-0.0025
26.81,-0.004
26.82,-0.0051
26.83,-0.005
26.84,-0.0046
26.85,-0.0041
26.86,-0.0035
26.87,-0.0035
26.88,-0.0035
26.89,-0.0034
26.9,-0.0028
26.91,-0.002
26.92,-0.0014
26.93,-0.0011
26.94,-0.0007
26.95,-0.0008
26.96,-0.0011
26.97,-0.0009
26.98,-0.0001
26.99,-0.0001
27,-0.0005
27.01,-0.0004
27.02,-0.0002
27.03,0.0005
27.04,0.0016
27.05,0.0031
27.06,0.0046
27.07,0.0048
27.08,0.0035
27.09,0.0015
27.1,-0.0003
27.11,-0.0013
27.12,-0.0012
27.13,-0.0006
27.14,0.0002
27.15,0.0012
27.16,0.0017
27.17,0.0022
27.18,0.0027
27.19,0.0031
27.2,0.0038
27.21,0.0046
27.22,0.0052
27.23,0.0054
27.24,0.0047
27.25,0.0038
27.26,0.0029
27.27,0.002
27.28,0.0015
27.29,0.0015
27.3,0.0015
27.31,0.0014
27.32,0.0015
27.33,0.0017
27.34,0.0023
27.35,0.0022
27.36,0.0016
27.37,0.0014
27.38,0.0016
27.39,0.0015
27.4,0.0006
27.41,-0.0013
27.42,-0.0035
27.43,-0.0047
27.44,-0.0047
27.45,-0.0041
27.46,-0.0031
27.47,-0.0024
27.48,-0.002
27.49,-0.0011
27.5,-0.0004
27.51,0.0005
27.52,0.0011
27.53,0.0009
27.54,0.0004
27.55,0
27.56,-0.0007
27.57,-0.0011
27.58,-0.0011
27.59,-0.001
27.6,-0.0006
27.61,0.001
27.62,0.0027
27.63,0.004
27.64,0.005
27.65,0.0052
27.66,0.0042
27.67,0.0024
27.68,0.0005
27.69,-0.0015
27.7,-0.0026
27.71,-0.002
27.72,-0.0001
27.73,0.0022
27.74,0.0032
27.75,0.0029
27.76,0.0013
27.77,-0.0013
27.78,-0.0031
27.79,-0.0042
27.8,-0.005
27.81,-0.0053
27.82,-0.0051
27.83,-0.0045
27.84,-0.0035
27.85,-0.0021
27.86,-0.0008
27.87,0.0008
27.88,0.002
27.89,0.0027
27.9,0.0035
27.91,0.004
27.92,0.004
27.93,0.0039
27.94,0.003
27.95,0.002
27.96,0.0017
27.97,0.0018
27.98,0.002
27.99,0.002
28,0.0015
28.01,0.0006
28.02,-0.0007
28.03,-0.0018
28.04,-0.0028
28.05,-0.0033
28.06,-0.0035
28.07,-0.0035
28.08,-0.0028
28.09,-0.0021
28.1,-0.0014
28.11,-0.0011
28.12,-0.0012
28.13,-0.0015
28.14,-0.002
28.15,-0.0023
28.16,-0.0022
28.17,-0.0016
28.18,-0.0011
28.19,-0.0011
28.2,-0.001
28.21,-0.0005
28.22,0.0003
28.23,0.0001
28.24,-0.0006
28.25,-0.001
28.26,-0.0007
28.27,0.0008
28.28,0.0022
28.29,0.0032
28.3,0.0044
28.31,0.0057
28.32,0.0069
28.33,0.0078
28.34,0.0082
28.35,0.0076
28.36,0.0067
28.37,0.0057
28.38,0.0051
28.39,0.005
28.4,0.0049
28.41,0.004
28.42,0.0031
28.43,0.0023
28.44,0.0016
28.45,0.001
28.46,0.0002
28.47,-0.0006
28.48,-0.001
28.49,-0.001
28.5,-0.0014
28.51,-0.0021
28.52,-0.0032
28.53,-0.0036
28.54,-0.0035
28.55,-0.0028
28.56,-0.0024
28.57,-0.0022
28.58,-0.0017
28.59,-0.0014
28.6,-0.0014
28.61,-0.0011
28.62,-0.0009
28.63,-0.0006
28.64,-0.0002
28.65,-0.0002
28.66,-0.0003
28.67,-0.0002
28.68,-0.0001
28.69,0.0002
28.7,0.0005
28.71,0.0012
28.72,0.0016
28.73,0.0016
28.74,0.0016
28.75,0.0015
28.76,0.0011
28.77,0.0006
28.78,0.0007
28.79,0.0016
28.8,0.0026
28.81,0.004
28.82,0.0051
28.83,0.0053
28.84,0.0046
28.85,0.0036
28.86,0.0026
28.87,0.0013
28.88,-0.0005
28.89,-0.0025
28.9,-0.004
28.91,-0.0046
28.92,-0.0046
28.93,-0.0048
28.94,-0.0047
28.95,-0.0041
28.96,-0.0035
28.97,-0.0038
28.98,-0.0046
28.99,-0.0049
29,-0.0046
29.01,-0.0037
29.02,-0.0026
29.03,-0.0015
29.04,-0.0008
29.05,-0.0001
29.06,0
29.07,-0.0004
29.08,-0.0012
29.09,-0.002
29.1,-0.0029
29.11,-0.0034
29.12,-0.0027
29.13,-0.0017
29.14,-0.0011
29.15,-0.0008
29.16,0.0002
29.17,0.0018
29.18,0.0034
29.19,0.0045
29.2,0.0044
29.21,0.003
29.22,0.0006
29.23,-0.0018
29.24,-0.0033
29.25,-0.0042
29.26,-0.0047
29.27,-0.0042
29.28,-0.0024
29.29,-0.0003
29.3,0.0013
29.31,0.0015
29.32,0.0004
29.33,-0.0018
29.34,-0.0039
29.35,-0.0047
29.36,-0.0047
29.37,-0.0036
29.38,-0.0019
29.39,-0.0003
29.4,0.0012
29.41,0.0016
29.42,0.0016
29.43,0.0018
29.44,0.0018
29.45,0.0012
29.46,0.001
29.47,0.0015
29.48,0.0018
29.49,0.002
29.5,0.0025
29.51,0.0032
29.52,0.0037
29.53,0.0038
29.54,0.0032
29.55,0.0025
29.56,0.0013
29.57,-0.0002
29.58,-0.0018
29.59,-0.0032
29.6,-0.004
29.61,-0.0047
29.62,-0.0048
29.63,-0.0046
29.64,-0.0038
29.65,-0.0028
29.66,-0.0023
29.67,-0.0019
29.68,-0.0009
29.69,0.0003
29.7,0.0014
29.71,0.002
29.72,0.002
29.73,0.0018
29.74,0.0017
29.75,0.0017
29.76,0.0018
29.77,0.0023
29.78,0.003
29.79,0.0032
29.8,0.0031
29.81,0.0024
29.82,0.0015
29.83,0.0006
29.84,-0.0002
29.85,-0.0006
29.86,-0.0006
29.87,0.0001
29.88,0.0011
29.89,0.0021
29.9,0.0029
29.91,0.0029
29.92,0.0019
29.93,0.0002
29.94,-0.0019
29.95,-0.0031
29.96,-0.0032
29.97,-0.0032
29.98,-0.0026
29.99,-0.0015
30,-0.0006
30.01,-0.0002
30.02,-0.0008
30.03,-0.0019
30.04,-0.0027
30.05,-0.0032
30.06,-0.0027
30.07,-0.002
30.08,-0.0018
30.09,-0.0011
30.1,-0.0005
30.11,0.0008
30.12,0.0022
30.13,0.0029
30.14,0.0027
30.15,0.002
30.16,0.0013
30.17,0.0009
30.18,0.0011
30.19,0.0018
30.2,0.0028
30.21,0.0031
30.22,0.0029
30.23,0.0024
30.24,0.0016
30.25,0.0006
30.26,-0.0006
30.27,-0.0014
30.28,-0.0012
30.29,-0.0001
30.3,0.0011
30.31,0.0021
30.32,0.0027
30.33,0.0027
30.34,0.002
30.35,0.0011
30.36,0.0003
30.37,-0.0006
30.38,-0.0006
30.39,-0.0006
30.4,-0.0007
30.41,-0.0004
30.42,0.0002
30.43,0.0003
30.44,-0.0001
30.45,-0.0004
30.46,0.0001
30.47,0.0002
30.48,-0.0001
30.49,-0.0004
30.5,-0.001
30.51,-0.0016
30.52,-0.0018
30.53,-0.001
30.54,-0.0001
30.55,0.0008
30.56,0.0017
30.57,0.0019
30.58,0.0019
30.59,0.0017
30.6,0.0012
30.61,0.0004
30.62,-0.0003
30.63,-0.0004
30.64,0.0002
30.65,0.001
30.66,0.0014
30.67,0.0012
30.68,0.0004
30.69,-0.0007
30.7,-0.0014
30.71,-0.0019
30.72,-0.0024
30.73,-0.0032
30.74,-0.0037
30.75,-0.0038
30.76,-0.0036
30.77,-0.0032
30.78,-0.0024
30.79,-0.002
30.8,-0.0021
30.81,-0.002
30.82,-0.0019
30.83,-0.0018
30.84,-0.0012
30.85,-0.0006
30.86,-0.0005
30.87,-0.0004
30.88,-0.0004
30.89,-0.0005
30.9,-0.0003
30.91,0.0004
30.92,0.0008
30.93,0.0006
30.94,0.0003
30.95,-0.0003
30.96,-0.0007
30.97,-0.0014
30.98,-0.0019
30.99,-0.0019
31,-0.0018
31.01,-0.0013
31.02,-0.0005
31.03,-0.0002
31.04,0.0001
31.05,0.0001
31.06,-0.0001
31.07,-0.0004
31.08,-0.0004
31.09,-0.0002
31.1,-0.0002
31.11,-0.0006
31.12,-0.0008
31.13,-0.0005
31.14,0.0004
31.15,0.0018
31.16,0.003
31.17,0.0038
31.18,0.0037
31.19,0.0024
31.2,0.0002
31.21,-0.002
31.22,-0.0034
31.23,-0.004
31.24,-0.0034
31.25,-0.0019
31.26,-0.0001
31.27,0.0017
31.28,0.0029
31.29,0.0031
31.3,0.0025
31.31,0.0014
31.32,0.0001
31.33,-0.0004
31.34,-0.0003
31.35,0.0001
31.36,0.0008
31.37,0.0012
31.38,0.0008
31.39,-0.0002
31.4,-0.0011
31.41,-0.0016
31.42,-0.0016
31.43,-0.0012
31.44,-0.0005
31.45,0.0006
31.46,0.0018
31.47,0.0028
31.48,0.0035
31.49,0.0043
31.5,0.005
31.51,0.0051
31.52,0.0048
31.53,0.0047
31.54,0.0048
31.55,0.0049
31.56,0.0043
31.57,0.0031
31.58,0.0018
31.59,0.0007
31.6,-0.0001
31.61,-0.0004
31.62,-0.0007
31.63,-0.001
31.64,-0.001
31.65,-0.0007
31.66,0.0001
31.67,0.001
31.68,0.0015
31.69,0.0008
31.7,-0.0003
31.71,-0.0012
31.72,-0.0022
31.73,-0.0028
31.74,-0.0028
31.75,-0.0024
31.76,-0.0026
31.77,-0.0036
31.78,-0.0041
31.79,-0.0036
31.8,-0.002
31.81,-0.0001
31.82,0.0015
31.83,0.0019
31.84,0.0012
31.85,0.0003
31.86,-0.0001
31.87,0.0002
31.88,0.0006
31.89,0.0001
31.9,-0.0003
31.91,0.0001
31.92,0.0008
31.93,0.001
31.94,0.0009
31.95,0.0017
31.96,0.0024
31.97,0.003
31.98,0.0036
31.99,0.0038
32,0.0036
32.01,0.0028
32.02,0.0022
32.03,0.0017
32.04,0.0014
32.05,0.0015
32.06,0.0015
32.07,0.0016
32.08,0.0017
32.09,0.0017
32.1,0.0014
32.11,0.0009
32.12,0.0006
32.13,0.0012
32.14,0.0022
32.15,0.0031
32.16,0.0036
32.17,0.0034
32.18,0.0023
32.19,0.0007
32.2,-0.0012
32.21,-0.0032
32.22,-0.004
32.23,-0.0041
32.24,-0.004
32.25,-0.0032
32.26,-0.0014
32.27,-0.0001
32.28,0.0007
32.29,0.0009
32.3,0.0005
32.31,0
32.32,0
32.33,0.0006
32.34,0.0018
32.35,0.003
32.36,0.0035
32.37,0.0028
32.38,0.0014
32.39,0.0001
32.4,-0.0006
32.41,-0.0012
32.42,-0.0012
32.43,-0.0012
32.44,-0.0015
32.45,-0.0016
32.46,-0.0016
32.47,-0.0017
32.48,-0.0013
32.49,-0.0007
32.5,-0.0007
32.51,-0.0009
32.52,-0.0004
32.53,0.0004
32.54,0.0011
32.55,0.0016
32.56,0.0016
32.57,0.0012
32.58,0.001
32.59,0.0006
32.6,-0.0001
32.61,0.0001
32.62,0.0006
32.63,0.0009
32.64,0.0009
32.65,0.0004
32.66,-0.0002
32.67,-0.001
32.68,-0.0013
32.69,-0.0007
32.7,-0.0002
32.71,-0.0002
32.72,0.0006
32.73,0.0012
32.74,0.0017
32.75,0.0023
32.76,0.0024
32.77,0.0024
32.78,0.0024
32.79,0.0025
32.8,0.0023
32.81,0.0018
32.82,0.001
32.83,-0.0003
32.84,-0.0014
32.85,-0.0016
32.86,-0.0017
32.87,-0.0016
32.88,-0.0015
32.89,-0.0011
32.9,-0.0011
32.91,-0.0018
32.92,-0.0027
32.93,-0.0034
32.94,-0.0041
32.95,-0.0043
32.96,-0.0046
32.97,-0.0043
32.98,-0.0041
32.99,-0.0044
33,-0.0046
33.01,-0.0046
33.02,-0.0043
33.03,-0.0039
33.04,-0.0038
33.05,-0.0033
33.06,-0.0026
33.07,-0.0019
33.08,-0.0009
33.09,-0.0001
33.1,0.0005
33.11,0.001
33.12,0.0015
33.13,0.0025
33.14,0.0035
33.15,0.004
33.16,0.0037
33.17,0.0027
33.18,0.0015
33.19,0.0002
33.2,-0.0006
33.21,-0.0012
33.22,-0.0015
33.23,-0.0018
33.24,-0.0025
33.25,-0.0026
33.26,-0.0022
33.27,-0.0013
33.28,-0.0005
33.29,-0.0002
33.3,-0.0002
33.31,-0.0001
33.32,-0.0001
33.33,-0.0001
33.34,-0.0002
33.35,-0.0008
33.36,-0.0018
33.37,-0.0024
33.38,-0.0025
33.39,-0.0031
33.4,-0.0039
33.41,-0.0044
33.42,-0.0045
33.43,-0.0038
33.44,-0.0026
33.45,-0.0012
33.46,0.0002
33.47,0.001
33.48,0.0012
33.49,0.0016
33.5,0.0019
33.51,0.0019
33.52,0.0024
33.53,0.003
33.54,0.0032
33.55,0.0029
33.56,0.0024
33.57,0.0013
33.58,0
33.59,-0.0007
33.6,-0.0008
33.61,-0.0002
33.62,0.0004
33.63,0.0008
33.64,0.0006
33.65,0.0003
33.66,-0.0001
33.67,-0.0001
33.68,0.0001
33.69,0.0005
33.7,0.0011
33.71,0.0009
33.72,0.0005
33.73,-0.0001
33.74,-0.0009
33.75,-0.0018
33.76,-0.0021
33.77,-0.0017
33.78,-0.0011
33.79,-0.0005
33.8,0
33.81,0.0007
33.82,0.0014
33.83,0.0019
33.84,0.0019
33.85,0.0019
33.86,0.0019
33.87,0.0016
33.88,0.0011
33.89,0.0006
33.9,0
33.91,-0.0003
33.92,-0.0006
33.93,-0.0008
33.94,-0.001
33.95,-0.001
33.96,-0.001
33.97,-0.0011
33.98,-0.0012
33.99,-0.0011
34,-0.0008
34.01,-0.0003
34.02,0
34.03,-0.0002
34.04,-0.0005
34.05,-0.001
34.06,-0.0016
34.07,-0.002
34.08,-0.0022
34.09,-0.0026
34.1,-0.0028
34.11,-0.0027
34.12,-0.0022
34.13,-0.0013
34.14,-0.0004
34.15,0.0004
34.16,0.001
34.17,0.0011
34.18,0.001
34.19,0.0008
34.2,0.0003
34.21,0.0005
34.22,0.0011
34.23,0.0012
34.24,0.0014
34.25,0.0015
34.26,0.001
34.27,0.0002
34.28,-0.0006
34.29,-0.0015
34.3,-0.0023
34.31,-0.0024
34.32,-0.0018
34.33,-0.001
34.34,-0.0003
34.35,0.0003
34.36,0.0004
34.37,0.0004
34.38,0.0005
34.39,0.0005
34.4,0.0007
34.41,0.001
34.42,0.0011
34.43,0.001
34.44,0.001
34.45,0.001
34.46,0.0007
34.47,0.0006
34.48,0.001
34.49,0.0009
34.5,0.0004
34.51,-0.0001
34.52,-0.0006
34.53,-0.0009
34.54,-0.001
34.55,-0.0009
34.56,-0.0008
34.57,-0.0004
34.58,0.0002
34.59,0.0006
34.6,0.0009
34.61,0.0009
34.62,0.0008
34.63,0.0007
34.64,0.001
34.65,0.0016
34.66,0.0023
34.67,0.0028
34.68,0.0031
34.69,0.003
34.7,0.0024
34.71,0.0016
34.72,0.0009
34.73,0.0002
34.74,-0.0003
34.75,-0.0003
34.76,0
34.77,0.0001
34.78,0
34.79,-0.0001
34.8,-0.0003
34.81,-0.0003
34.82,-0.0001
34.83,0.0004
34.84,0.0011
34.85,0.0016
34.86,0.0016
34.87,0.0013
34.88,0.0009
34.89,0.0007
34.9,0.0005
34.91,0.0003
34.92,0.0003
34.93,0.0003
34.94,0.0002
34.95,-0.0001
34.96,-0.0003
34.97,-0.0006
34.98,-0.0007
34.99,-0.0007
35,-0.0005
35.01,-0.0002
35.02,0
35.03,0.0002
35.04,0.0003
35.05,0.0003
35.06,0.0004
35.07,0.0005
35.08,0.0004
35.09,0.0004
35.1,0.0003
35.11,0.0002
35.12,0.0001
35.13,-0.0001
35.14,-0.0001
35.15,0
35.16,0.0001
35.17,0.0001
35.18,0.0001
35.19,0.0002
35.2,0.0002
35.21,0.0002
35.22,0.0002
35.23,0.0001
35.24,0.0001
35.25,0
35.26,-0.0001
35.27,-0.0001
35.28,-0.0002
35.29,-0.0003
35.3,-0.0004
35.31,-0.0005
35.32,-0.0005
35.33,-0.0004
35.34,-0.0003
35.35,-0.0002
35.36,-0.0003
35.37,-0.0003
35.38,-0.0003
35.39,-0.0003
35.4,-0.0003
35.41,-0.0003
35.42,-0.0003
35.43,-0.0002
35.44,-0.0002
35.45,-0.0001
35.46,-0.0001
35.47,-0.0001
35.48,-0.0001
35.49,-0.0001
35.5,-0.0001
35.51,-0.0001
35.52,-0.0001
35.53,-0.0001
35.54,-0.0001
35.55,-0.0002
35.56,-0.0002
35.57,-0.0002
35.58,-0.0002
35.59,-0.0002
35.6,-0.0002
35.61,-0.0002
35.62,-0.0002
35.63,-0.0001
35.64,-0.0001
35.65,-0.0001
35.66,-0.0001
35.67,-0.0001
35.68,-0.0001
35.69,-0.0001
35.7,-0.0001
35.71,0
35.72,0
35.73,0
35.74,0
35.75,0
35.76,0
35.77,0
35.78,0
35.79,0
35.8,0
35.81,0
35.82,0
35.83,0
35.84,0
35.85,0
35.86,0
35.87,0
35.88,0
35.89,0
35.9,0
35.91,0
35.92,0
35.93,0
35.94,0
35.95,0
35.96,0
35.97,0
35.98,0
35.99,0
36,0
36.01,0
36.02,0
36.03,0
36.04,0
36.05,0
36.06,0
36.07,0
36.08,0
36.09,0
36.1,0
36.11,0
36.12,0
36.13,0
36.14,0
36.15,0
36.16,0
36.17,0
36.18,0
36.19,0
36.2,0
36.21,0
36.22,0.00001
36.23,0.00001
36.24,0.00001
36.25,0.00001
36.26,0.00001
36.27,0.00001
36.28,0.00001
36.29,0.00001
36.3,0.00001
36.31,0.00001
36.32,0.00001
